OBSID,Real Label,Pred Label,Probabilities
0803670501,0,0,"[0.5, 0.5]"
0862760201,0,0,"[0.5, 0.5]"
0803671101,0,0,"[0.5, 0.5]"
0803671001,0,0,"[0.5, 0.5]"
0401360201,0,0,"[0.5, 0.5]"
0111790101,0,0,"[0.5120335221290588, 0.48796650767326355]"
0306630101,0,0,"[0.5, 0.5]"
0864560101,1,0,"[0.5, 0.5]"
0500730201,0,0,"[0.5308533310890198, 0.4691466689109802]"
0851180401,1,0,"[0.5, 0.5]"
0761630301,0,0,"[0.5, 0.5]"
0872390101,1,0,"[0.5, 0.5]"
0725200101,0,0,"[0.7955118417739868, 0.2044881284236908]"
0200670401,0,0,"[0.5, 0.5]"
0152170501,0,0,"[0.5112699270248413, 0.4887300431728363]"
0657820101,0,0,"[0.8369805216789246, 0.16301949322223663]"
0112550601,0,0,"[0.5, 0.5]"
0691570101,0,0,"[0.5, 0.5]"
0145800101,0,0,"[0.5, 0.5]"
0784510301,0,0,"[0.5, 0.5]"
0311190101,0,0,"[0.8424156308174133, 0.15758436918258667]"
0124710801,1,0,"[0.5, 0.5]"
0893810501,1,0,"[0.5, 0.5]"
0112551701,0,0,"[0.5, 0.5]"
0790650101,0,0,"[0.8426504731178284, 0.1573495715856552]"
0651790201,0,0,"[0.5, 0.5]"
0851180501,1,0,"[0.5, 0.5]"
0411980401,1,0,"[0.5, 0.5]"
0803670601,0,0,"[0.5, 0.5]"
0200670201,0,0,"[0.5, 0.5]"
0864330401,0,0,"[0.758544921875, 0.241455078125]"
0304190101,0,0,"[0.5, 0.5]"
0861910301,1,0,"[0.5476084351539612, 0.4523915648460388]"
0725200301,0,0,"[0.6433759927749634, 0.356624037027359]"
0200670301,0,0,"[0.5, 0.5]"
0864330101,1,0,"[0.5, 0.5]"
0870830201,0,0,"[0.5, 0.5]"
0401360101,0,0,"[0.5, 0.5]"
0861910201,1,0,"[0.5, 0.5]"
0870830401,0,0,"[0.5, 0.5]"
0740960101,0,0,"[0.6611000299453735, 0.3388999402523041]"
0823680101,1,0,"[0.5, 0.5]"
0411980101,0,0,"[0.5, 0.5]"
0870830101,0,0,"[0.5, 0.5]"
0805080501,0,0,"[0.5, 0.5]"
0603260201,0,0,"[0.5, 0.5]"
0805080401,0,0,"[0.5, 0.5]"
0761630201,0,0,"[0.5, 0.5]"
0794581201,0,0,"[0.5, 0.5]"
0864330201,0,0,"[0.6468307375907898, 0.353169322013855]"
0761630101,0,0,"[0.5, 0.5]"
0306630201,0,0,"[0.567122220993042, 0.432877779006958]"
0401360301,0,0,"[0.5607427954673767, 0.4392571747303009]"
0870830301,0,0,"[0.5, 0.5]"
0200670101,0,0,"[0.5, 0.5]"
0551870401,0,0,"[0.5, 0.5]"
0864330301,0,0,"[0.7128502726554871, 0.2871497869491577]"
0831790701,1,0,"[0.5, 0.5]"
0556090101,0,0,"[0.5, 0.5]"
0551870601,0,0,"[0.5756199359893799, 0.4243800640106201]"
0551450101,0,0,"[0.5, 0.5]"
0842340201,0,0,"[0.5510190725326538, 0.4489809274673462]"
0510011501,0,0,"[0.5, 0.5]"
0891800601,0,0,"[0.5, 0.5]"
0200920101,0,0,"[0.5, 0.5]"
0500730101,0,0,"[0.5, 0.5]"
