OBSID,Real Label,Pred Label,Probabilities
0870830201,0,0,"[0.5, 0.5]"
0794581201,0,0,"[0.5, 0.5]"
0691570101,0,0,"[0.5, 0.5]"
0500730101,0,0,"[0.5, 0.5]"
0761630201,0,0,"[0.5, 0.5]"
0411980401,1,0,"[0.5, 0.5]"
0862760201,0,0,"[0.5, 0.5]"
0864330401,0,0,"[0.7132830023765564, 0.286717027425766]"
0842340201,0,0,"[0.6872371435165405, 0.31276288628578186]"
0112550601,0,0,"[0.5, 0.5]"
0311190101,0,0,"[0.5, 0.5]"
0510011501,0,0,"[0.5, 0.5]"
0803670601,0,0,"[0.5, 0.5]"
0870830301,0,0,"[0.5, 0.5]"
0872390101,1,0,"[0.5, 0.5]"
0401360301,0,0,"[0.6074785590171814, 0.3925215005874634]"
0200670101,0,0,"[0.5, 0.5]"
0200920101,0,0,"[0.5, 0.5]"
0556090101,0,0,"[0.5, 0.5]"
0864330101,1,0,"[0.5, 0.5]"
0112551701,0,0,"[0.880491316318512, 0.11950865387916565]"
0803671001,0,0,"[0.5, 0.5]"
0784510301,0,0,"[0.5, 0.5]"
0803670501,0,0,"[0.5, 0.5]"
0864330301,0,0,"[0.5, 0.5]"
0761630301,0,0,"[0.5, 0.5]"
0603260201,0,0,"[0.5, 0.5]"
0870830401,0,0,"[0.5345231890678406, 0.4654768407344818]"
0725200101,0,0,"[0.9249996542930603, 0.07500037550926208]"
0401360201,0,0,"[0.5, 0.5]"
0823680101,1,0,"[0.5, 0.5]"
0790650101,0,0,"[0.5, 0.5]"
0851180401,1,0,"[0.5, 0.5]"
0411980101,0,0,"[0.6269510984420776, 0.37304896116256714]"
0306630201,0,0,"[0.5, 0.5]"
0864330201,0,0,"[0.5, 0.5]"
0803671101,0,0,"[0.5, 0.5]"
0861910301,1,0,"[0.5, 0.5]"
0145800101,0,0,"[0.5, 0.5]"
0805080501,0,0,"[0.5, 0.5]"
0893810501,1,0,"[0.5, 0.5]"
0306630101,0,0,"[0.5, 0.5]"
0200670201,0,0,"[0.5, 0.5]"
0864560101,1,0,"[0.5, 0.5]"
0851180501,1,0,"[0.5, 0.5]"
0551870401,0,0,"[0.5, 0.5]"
0551450101,0,0,"[0.5, 0.5]"
0740960101,0,0,"[0.6941357254981995, 0.3058643043041229]"
0861910201,1,0,"[0.5, 0.5]"
0304190101,0,0,"[0.5, 0.5]"
0805080401,0,0,"[0.6658070087432861, 0.33419299125671387]"
0651790201,0,0,"[0.5, 0.5]"
0761630101,0,0,"[0.5, 0.5]"
0725200301,0,0,"[0.5, 0.5]"
0152170501,0,0,"[0.7244111895561218, 0.2755887806415558]"
0657820101,0,0,"[0.8896552324295044, 0.1103447750210762]"
0200670301,0,0,"[0.5, 0.5]"
0500730201,0,0,"[0.5, 0.5]"
0111790101,0,0,"[0.5, 0.5]"
0831790701,1,0,"[0.5, 0.5]"
0891800601,0,0,"[0.5, 0.5]"
0870830101,0,0,"[0.5, 0.5]"
0551870601,0,0,"[0.5281586050987244, 0.471841424703598]"
0200670401,0,0,"[0.5, 0.5]"
0124710801,1,0,"[0.5, 0.5]"
0401360101,0,0,"[0.5156113505363464, 0.48438867926597595]"
