OBSID,Real Label,Pred Label,Probabilities
0401360101,0,0,"[0.6453646421432495, 0.35463541746139526]"
0864560101,1,0,"[0.5, 0.5]"
0870830401,0,0,"[0.6379094123840332, 0.3620906174182892]"
0740960101,0,0,"[0.5985472202301025, 0.4014527499675751]"
0556090101,0,0,"[0.5, 0.5]"
0200670101,0,0,"[0.5, 0.5]"
0200920101,0,0,"[0.5, 0.5]"
0803671001,0,0,"[0.5, 0.5]"
0864330101,1,0,"[0.5, 0.5]"
0152170501,0,0,"[0.5, 0.5]"
0411980401,1,0,"[0.5, 0.5]"
0861910301,1,0,"[0.9309313297271729, 0.06906868517398834]"
0870830301,0,0,"[0.5039761662483215, 0.49602386355400085]"
0842340201,0,0,"[0.5, 0.5]"
0111790101,0,0,"[0.7897310256958008, 0.21026897430419922]"
0864330401,0,0,"[0.6618828773498535, 0.3381171226501465]"
0112551701,0,0,"[0.6523334980010986, 0.34766650199890137]"
0112550601,0,0,"[0.5, 0.5]"
0761630301,0,0,"[0.5, 0.5]"
0311190101,0,0,"[0.8175562024116516, 0.18244381248950958]"
0870830201,0,0,"[0.7142441868782043, 0.28575578331947327]"
0823680101,1,0,"[0.5, 0.5]"
0500730101,0,0,"[0.5, 0.5]"
0124710801,1,0,"[0.5, 0.5]"
0603260201,0,0,"[0.6252030730247498, 0.37479689717292786]"
0551870601,0,0,"[0.6203111410140991, 0.3796888291835785]"
0893810501,1,0,"[0.5, 0.5]"
0803670601,0,0,"[0.5, 0.5]"
0831790701,1,0,"[0.5, 0.5]"
0657820101,0,0,"[0.5, 0.5]"
0304190101,0,0,"[0.5, 0.5]"
0870830101,0,0,"[0.5, 0.5]"
0891800601,0,0,"[0.5, 0.5]"
0551870401,0,0,"[0.6116734743118286, 0.3883265256881714]"
0200670401,0,0,"[0.5, 0.5]"
0805080501,0,0,"[0.5, 0.5]"
0691570101,0,0,"[0.5, 0.5]"
0864330301,0,0,"[0.5, 0.5]"
0851180501,1,0,"[0.5, 0.5]"
0401360201,0,0,"[0.5, 0.5]"
0411980101,0,0,"[0.5998544692993164, 0.4001455008983612]"
0306630101,0,0,"[0.5, 0.5]"
0761630101,0,0,"[0.5, 0.5]"
0551450101,0,0,"[0.5, 0.5]"
0306630201,0,0,"[0.850283682346344, 0.1497163474559784]"
0861910201,1,0,"[0.5, 0.5]"
0790650101,0,0,"[0.8198615908622742, 0.18013842403888702]"
0862760201,0,0,"[0.5, 0.5]"
0851180401,1,0,"[0.5, 0.5]"
0761630201,0,0,"[0.5, 0.5]"
0803670501,0,0,"[0.5, 0.5]"
0794581201,0,0,"[0.5, 0.5]"
0864330201,0,0,"[0.5, 0.5]"
0725200301,0,0,"[0.7072245478630066, 0.2927754819393158]"
0805080401,0,0,"[0.5, 0.5]"
0651790201,0,0,"[0.5, 0.5]"
0145800101,0,0,"[0.5, 0.5]"
0725200101,0,0,"[0.7518845796585083, 0.24811537563800812]"
0200670301,0,0,"[0.5, 0.5]"
0872390101,1,0,"[0.5, 0.5]"
0803671101,0,0,"[0.5083951950073242, 0.49160486459732056]"
0401360301,0,0,"[0.5, 0.5]"
0784510301,0,0,"[0.5, 0.5]"
0500730201,0,0,"[0.5, 0.5]"
