OBSID,Real Label,Pred Label,Probabilities
0551870601,0,0,"[0.5, 0.5]"
0200670301,0,1,"[0.07268127053976059, 0.9273187518119812]"
0112550601,0,1,"[0.21773287653923035, 0.7822670340538025]"
0603260201,0,0,"[0.5, 0.5]"
0891800601,0,0,"[0.5, 0.5]"
0805080501,0,0,"[0.5, 0.5]"
0401360301,0,0,"[0.5, 0.5]"
0510011501,0,0,"[0.5, 0.5]"
0803670501,0,0,"[0.5, 0.5]"
0842340201,0,0,"[0.5, 0.5]"
0651790201,0,0,"[0.5, 0.5]"
0304190101,0,1,"[7.7797107223887e-05, 0.9999221563339233]"
0761630301,0,0,"[0.5, 0.5]"
0401360201,0,0,"[0.5, 0.5]"
0851180501,1,1,"[3.4538452826915478e-12, 1.0]"
0112551701,0,0,"[0.5, 0.5]"
0864330401,0,0,"[0.5, 0.5]"
0111790101,0,0,"[0.5, 0.5]"
0870830201,0,0,"[0.5, 0.5]"
0870830101,0,0,"[0.5, 0.5]"
0657820101,0,0,"[0.5, 0.5]"
0500730201,0,0,"[0.5, 0.5]"
0803671101,0,0,"[0.5, 0.5]"
0306630201,0,0,"[0.5, 0.5]"
0872390101,1,1,"[1.0416326134965459e-10, 1.0]"
0794581201,0,0,"[0.5, 0.5]"
0861910201,1,1,"[3.4274013614175438e-18, 1.0]"
0803670601,0,0,"[0.5, 0.5]"
0200670201,0,1,"[0.027016719803214073, 0.9729832410812378]"
0862760201,0,1,"[0.28276246786117554, 0.7172375321388245]"
0311190101,0,0,"[0.5, 0.5]"
0784510301,0,0,"[0.5, 0.5]"
0124710801,1,1,"[6.407522616829602e-20, 1.0]"
0864560101,1,1,"[5.508767571882345e-06, 0.9999945163726807]"
0761630201,0,1,"[0.012635313905775547, 0.9873647093772888]"
0306630101,0,0,"[0.5, 0.5]"
0864330201,0,0,"[0.5, 0.5]"
0725200301,0,0,"[0.5, 0.5]"
0411980401,1,1,"[0.005908668506890535, 0.9940913319587708]"
0691570101,0,0,"[0.5, 0.5]"
0803671001,0,0,"[0.5, 0.5]"
0805080401,0,0,"[0.5, 0.5]"
0851180401,1,0,"[0.5, 0.5]"
0823680101,1,1,"[1.4456085634106941e-11, 1.0]"
0401360101,0,0,"[0.5, 0.5]"
0864330101,1,1,"[7.981664253871177e-18, 1.0]"
0861910301,1,0,"[0.5, 0.5]"
0893810501,1,1,"[4.2004108991022804e-07, 0.9999995231628418]"
0411980101,0,0,"[0.5, 0.5]"
0831790701,1,1,"[2.863455525752186e-14, 1.0]"
0152170501,0,0,"[0.5, 0.5]"
0556090101,0,0,"[0.5, 0.5]"
0761630101,0,1,"[0.007111338432878256, 0.9928887486457825]"
0740960101,0,0,"[0.5, 0.5]"
0870830301,0,0,"[0.5, 0.5]"
0551450101,0,0,"[0.5, 0.5]"
0500730101,0,0,"[0.5, 0.5]"
0551870401,0,0,"[0.5, 0.5]"
0790650101,0,0,"[0.5, 0.5]"
0200670401,0,0,"[0.5, 0.5]"
0200670101,0,0,"[0.5, 0.5]"
0864330301,0,0,"[0.5, 0.5]"
0725200101,0,0,"[0.5, 0.5]"
0870830401,0,0,"[0.5, 0.5]"
0200920101,0,1,"[0.13804645836353302, 0.8619535565376282]"
0145800101,0,0,"[0.5, 0.5]"
