OBSID,Real Label,Pred Label,Probabilities
0861910301,1,0,"[0.5, 0.5]"
0805080401,0,0,"[0.5, 0.5]"
0725200301,0,0,"[0.5, 0.5]"
0200670301,0,0,"[0.5, 0.5]"
0851180401,1,0,"[0.5, 0.5]"
0112550601,0,0,"[0.5922408103942871, 0.40775924921035767]"
0401360301,0,0,"[0.5, 0.5]"
0510011501,0,0,"[0.5, 0.5]"
0870830101,0,0,"[0.5, 0.5]"
0200670401,0,0,"[0.5, 0.5]"
0861910201,1,0,"[0.5, 0.5]"
0657820101,0,0,"[0.7970755696296692, 0.20292441546916962]"
0740960101,0,0,"[0.5, 0.5]"
0761630101,0,0,"[0.5, 0.5]"
0803671001,0,0,"[0.5, 0.5]"
0112551701,0,0,"[0.5, 0.5]"
0864330401,0,0,"[0.8393794298171997, 0.1606205254793167]"
0784510301,0,0,"[0.5, 0.5]"
0893810501,1,0,"[0.5, 0.5]"
0823680101,1,0,"[0.5, 0.5]"
0200670201,0,0,"[0.5, 0.5]"
0805080501,0,0,"[0.5, 0.5]"
0306630101,0,0,"[0.5, 0.5]"
0891800601,0,0,"[0.5, 0.5]"
0306630201,0,0,"[0.5, 0.5]"
0500730101,0,0,"[0.5, 0.5]"
0803670501,0,0,"[0.5, 0.5]"
0311190101,0,0,"[0.8538804650306702, 0.14611952006816864]"
0556090101,0,0,"[0.5, 0.5]"
0551870401,0,0,"[0.5, 0.5]"
0200920101,0,0,"[0.5, 0.5]"
0691570101,0,0,"[0.5, 0.5]"
0870830301,0,0,"[0.5, 0.5]"
0401360201,0,0,"[0.5, 0.5]"
0145800101,0,0,"[0.5, 0.5]"
0803671101,0,0,"[0.5, 0.5]"
0842340201,0,0,"[0.8059452176094055, 0.19405485689640045]"
0864330301,0,0,"[0.5250735282897949, 0.47492650151252747]"
0794581201,0,0,"[0.7450720071792603, 0.25492793321609497]"
0411980401,1,0,"[0.5, 0.5]"
0851180501,1,0,"[0.5, 0.5]"
0124710801,1,0,"[0.5, 0.5]"
0304190101,0,0,"[0.5, 0.5]"
0500730201,0,0,"[0.5, 0.5]"
0761630301,1,0,"[0.5, 0.5]"
0200670101,0,0,"[0.5, 0.5]"
0872390101,1,0,"[0.5, 0.5]"
0862760201,0,0,"[0.5, 0.5]"
0870830201,0,0,"[0.5, 0.5]"
0864330101,1,0,"[0.5, 0.5]"
0551450101,0,0,"[0.5, 0.5]"
0093641501,0,0,"[0.8988748788833618, 0.10112513601779938]"
0725200101,0,0,"[0.7653943300247192, 0.23460565507411957]"
0790650101,0,0,"[0.8840265274047852, 0.11597350239753723]"
0152170501,0,0,"[0.7482540011405945, 0.2517460584640503]"
0093641701,0,0,"[0.8937710523605347, 0.10622896999120712]"
0651790201,0,0,"[0.5, 0.5]"
0111790101,0,0,"[0.5, 0.5]"
0411980101,0,0,"[0.6825052499771118, 0.31749477982521057]"
0401360101,0,0,"[0.7318291664123535, 0.2681707739830017]"
0551870601,0,0,"[0.5, 0.5]"
0864560101,1,0,"[0.5, 0.5]"
0093641601,0,0,"[0.8937699794769287, 0.10622995346784592]"
0870830401,0,0,"[0.5, 0.5]"
0831790701,1,0,"[0.5, 0.5]"
0603260201,0,0,"[0.5, 0.5]"
0803670601,0,0,"[0.5, 0.5]"
0864330201,0,0,"[0.7986621260643005, 0.20133782923221588]"
0761630201,0,0,"[0.5, 0.5]"
