OBSID,Real Label,Pred Label,Probabilities
0304190101,0,0,"[0.5, 0.5]"
0551450101,0,0,"[0.5, 0.5]"
0200670401,0,0,"[0.5, 0.5]"
0864560101,1,0,"[0.5, 0.5]"
0651790201,0,0,"[0.5, 0.5]"
0805080501,0,0,"[0.5, 0.5]"
0551870601,0,0,"[0.5, 0.5]"
0152170501,0,0,"[0.8621220588684082, 0.1378779411315918]"
0500730201,0,0,"[0.5, 0.5]"
0556090101,0,0,"[0.5, 0.5]"
0803671001,0,0,"[0.5, 0.5]"
0111790101,0,0,"[0.8821647763252258, 0.11783523112535477]"
0794581201,0,0,"[0.5, 0.5]"
0500730101,0,0,"[0.5, 0.5]"
0725200101,0,0,"[0.8825038075447083, 0.11749625205993652]"
0093641501,0,0,"[0.5, 0.5]"
0790650101,0,0,"[0.8914733529090881, 0.10852667689323425]"
0803670501,0,0,"[0.5, 0.5]"
0851180401,1,0,"[0.5, 0.5]"
0864330401,0,0,"[0.8817128539085388, 0.11828716844320297]"
0864330101,1,0,"[0.5, 0.5]"
0200670101,0,0,"[0.5, 0.5]"
0842340201,0,0,"[0.8087813258171082, 0.19121870398521423]"
0784510301,0,0,"[0.5, 0.5]"
0831790701,1,0,"[0.5, 0.5]"
0864330301,0,0,"[0.8752562403678894, 0.12474372237920761]"
0401360101,0,0,"[0.5, 0.5]"
0691570101,0,0,"[0.5, 0.5]"
0411980101,0,0,"[0.7638365626335144, 0.2361634373664856]"
0093641701,0,0,"[0.5, 0.5]"
0411980401,1,0,"[0.5, 0.5]"
0805080401,0,0,"[0.5, 0.5]"
0510011501,0,0,"[0.5, 0.5]"
0891800601,0,0,"[0.5, 0.5]"
0803671101,0,0,"[0.5, 0.5]"
0603260201,0,0,"[0.5, 0.5]"
0761630301,1,0,"[0.5, 0.5]"
0862760201,0,0,"[0.5, 0.5]"
0093641601,0,0,"[0.9139611721038818, 0.08603885024785995]"
0401360201,0,0,"[0.5, 0.5]"
0893810501,1,0,"[0.5, 0.5]"
0306630201,0,0,"[0.5, 0.5]"
0200670301,0,0,"[0.5, 0.5]"
0200920101,0,0,"[0.5, 0.5]"
0870830201,0,0,"[0.5, 0.5]"
0145800101,0,0,"[0.5, 0.5]"
0851180501,1,0,"[0.5, 0.5]"
0870830401,0,0,"[0.5, 0.5]"
0112551701,0,0,"[0.8850744366645813, 0.1149255707859993]"
0740960101,0,0,"[0.8770250082015991, 0.12297498434782028]"
0112550601,0,0,"[0.5, 0.5]"
0761630101,0,0,"[0.5, 0.5]"
0657820101,0,0,"[0.8856146931648254, 0.11438528448343277]"
0870830301,0,0,"[0.5, 0.5]"
0200670201,0,0,"[0.5, 0.5]"
0401360301,0,0,"[0.5, 0.5]"
0823680101,1,0,"[0.5, 0.5]"
0551870401,0,0,"[0.5, 0.5]"
0870830101,0,0,"[0.5, 0.5]"
0803670601,0,0,"[0.5, 0.5]"
0725200301,0,0,"[0.8848155736923218, 0.115184485912323]"
0124710801,1,0,"[0.5, 0.5]"
0761630201,0,0,"[0.5, 0.5]"
0864330201,0,0,"[0.8830549716949463, 0.11694499850273132]"
0311190101,0,0,"[0.8754639625549316, 0.12453609704971313]"
0861910201,1,0,"[0.5, 0.5]"
0861910301,1,0,"[0.5, 0.5]"
0872390101,1,0,"[0.5, 0.5]"
0306630101,0,0,"[0.5, 0.5]"
