OBSID,Real Label,Pred Label,Probabilities
0556090101,0,0,"[0.5189463496208191, 0.4810536205768585]"
0651790201,0,0,"[0.5, 0.5]"
0805080501,0,0,"[0.5, 0.5]"
0311190101,0,0,"[0.7813422679901123, 0.2186577320098877]"
0861910201,1,0,"[0.5, 0.5]"
0803670501,0,0,"[0.5, 0.5]"
0112550601,0,0,"[0.5, 0.5]"
0831790701,1,0,"[0.5, 0.5]"
0893810501,1,0,"[0.5, 0.5]"
0872390101,1,0,"[0.5, 0.5]"
0725200301,0,0,"[0.5636801719665527, 0.43631982803344727]"
0861910301,1,0,"[0.5, 0.5]"
0870830401,0,0,"[0.5, 0.5]"
0870830301,0,0,"[0.5, 0.5]"
0111790101,0,0,"[0.5, 0.5]"
0851180401,1,0,"[0.5, 0.5]"
0500730201,0,0,"[0.5, 0.5]"
0740960101,0,0,"[0.5, 0.5]"
0500730101,0,0,"[0.5, 0.5]"
0870830101,0,0,"[0.5, 0.5]"
0842340201,0,0,"[0.6666168570518494, 0.333383172750473]"
0411980101,0,0,"[0.685653805732727, 0.31434622406959534]"
0761630301,1,0,"[0.5, 0.5]"
0551450101,0,0,"[0.5, 0.5]"
0093641501,0,0,"[0.5, 0.5]"
0784510301,0,0,"[0.5, 0.5]"
0803670601,0,0,"[0.5, 0.5]"
0200670101,0,0,"[0.5, 0.5]"
0093641601,0,0,"[0.7504660487174988, 0.24953396618366241]"
0551870401,0,0,"[0.5, 0.5]"
0851180501,1,0,"[0.5, 0.5]"
0124710801,1,0,"[0.5, 0.5]"
0112551701,0,0,"[0.5, 0.5]"
0761630101,0,0,"[0.5, 0.5]"
0200670401,0,0,"[0.5, 0.5]"
0603260201,0,0,"[0.5, 0.5]"
0411980401,1,0,"[0.5, 0.5]"
0864330101,1,0,"[0.5, 0.5]"
0200920101,0,0,"[0.5, 0.5]"
0725200101,0,0,"[0.7354364991188049, 0.2645634710788727]"
0803671101,0,0,"[0.5, 0.5]"
0864560101,1,0,"[0.5, 0.5]"
0401360101,0,0,"[0.657891571521759, 0.34210851788520813]"
0891800601,0,0,"[0.5, 0.5]"
0200670201,0,0,"[0.5, 0.5]"
0145800101,0,0,"[0.5, 0.5]"
0805080401,0,0,"[0.5, 0.5]"
0761630201,0,0,"[0.5, 0.5]"
0551870601,0,0,"[0.5, 0.5]"
0862760201,0,0,"[0.5, 0.5]"
0864330201,0,0,"[0.6851505637168884, 0.31484946608543396]"
0691570101,0,0,"[0.5, 0.5]"
0306630201,0,0,"[0.5, 0.5]"
0870830201,0,0,"[0.5, 0.5]"
0657820101,0,0,"[0.748521089553833, 0.251478910446167]"
0093641701,0,0,"[0.7459242343902588, 0.2540757656097412]"
0401360201,0,0,"[0.5, 0.5]"
0401360301,0,0,"[0.5, 0.5]"
0306630101,0,0,"[0.5, 0.5]"
0200670301,0,0,"[0.5, 0.5]"
0794581201,0,0,"[0.5, 0.5]"
0823680101,1,0,"[0.5, 0.5]"
0864330301,0,0,"[0.5, 0.5]"
0152170501,0,0,"[0.6300015449523926, 0.3699984550476074]"
0304190101,0,0,"[0.5, 0.5]"
0510011501,0,0,"[0.5, 0.5]"
0864330401,0,0,"[0.6880060434341431, 0.31199395656585693]"
0803671001,0,0,"[0.5, 0.5]"
0790650101,0,0,"[0.8302310705184937, 0.16976892948150635]"
