OBSID,Real Label,Pred Label,Probabilities
0200670301,0,1,"[0.40709346532821655, 0.5929065346717834]"
0551450101,0,0,"[0.5, 0.5]"
0805080501,0,0,"[0.5, 0.5]"
0145800101,0,0,"[0.5, 0.5]"
0093641701,0,1,"[0.3526657819747925, 0.6473341584205627]"
0842340201,0,0,"[0.5, 0.5]"
0794581201,0,0,"[0.5, 0.5]"
0093641501,0,1,"[0.33724337816238403, 0.6627565622329712]"
0803670601,0,0,"[0.5, 0.5]"
0411980101,0,0,"[0.5, 0.5]"
0500730201,0,1,"[0.4291573762893677, 0.5708426237106323]"
0200670401,0,1,"[0.47832608222961426, 0.5216739177703857]"
0311190101,0,0,"[0.5, 0.5]"
0152170501,0,0,"[0.5, 0.5]"
0725200301,0,0,"[0.5, 0.5]"
0870830101,0,0,"[0.5, 0.5]"
0551870601,0,1,"[0.48719191551208496, 0.5128080248832703]"
0551870401,0,0,"[0.5, 0.5]"
0740960101,0,0,"[0.5, 0.5]"
0831790701,1,0,"[0.5, 0.5]"
0803671001,0,0,"[0.5, 0.5]"
0891800601,0,0,"[0.5, 0.5]"
0200670101,0,0,"[0.5, 0.5]"
0651790201,0,1,"[0.48181793093681335, 0.5181820392608643]"
0761630201,0,1,"[0.4456147849559784, 0.5543851256370544]"
0784510301,0,1,"[0.38880422711372375, 0.6111957430839539]"
0803671101,0,0,"[0.5, 0.5]"
0864560101,1,0,"[0.5, 0.5]"
0093641601,0,1,"[0.42289137840270996, 0.5771085619926453]"
0124710801,1,1,"[0.4407409131526947, 0.5592589974403381]"
0510011501,0,1,"[0.3182120621204376, 0.68178790807724]"
0872390101,1,0,"[0.5, 0.5]"
0803670501,0,1,"[0.38380828499794006, 0.6161917448043823]"
0401360201,0,0,"[0.5, 0.5]"
0823680101,1,0,"[0.5, 0.5]"
0805080401,0,0,"[0.5, 0.5]"
0306630201,0,0,"[0.5, 0.5]"
0306630101,0,0,"[0.5, 0.5]"
0401360301,0,0,"[0.5, 0.5]"
0864330101,1,0,"[0.5, 0.5]"
0790650101,0,0,"[0.5, 0.5]"
0864330201,0,0,"[0.5, 0.5]"
0761630101,0,0,"[0.5, 0.5]"
0200670201,0,1,"[0.36199522018432617, 0.6380047798156738]"
0401360101,0,0,"[0.5, 0.5]"
0725200101,0,0,"[0.5, 0.5]"
0870830201,0,0,"[0.5, 0.5]"
0893810501,1,0,"[0.5, 0.5]"
0112551701,0,0,"[0.5, 0.5]"
0851180501,1,0,"[0.5, 0.5]"
0304190101,0,0,"[0.5, 0.5]"
0864330301,0,0,"[0.5, 0.5]"
0657820101,0,1,"[0.44303175806999207, 0.5569682717323303]"
0111790101,0,0,"[0.5, 0.5]"
0861910201,1,0,"[0.5, 0.5]"
0500730101,0,0,"[0.5, 0.5]"
0112550601,0,1,"[0.4704359471797943, 0.5295641422271729]"
0691570101,0,0,"[0.5, 0.5]"
0851180401,1,0,"[0.5, 0.5]"
0870830401,0,0,"[0.5, 0.5]"
0870830301,0,0,"[0.5, 0.5]"
0200920101,0,0,"[0.5, 0.5]"
0411980401,1,0,"[0.5, 0.5]"
0603260201,0,1,"[0.339584618806839, 0.6604153513908386]"
0556090101,0,0,"[0.5, 0.5]"
0864330401,0,0,"[0.5, 0.5]"
0862760201,0,0,"[0.5, 0.5]"
0861910301,1,0,"[0.5, 0.5]"
0761630301,1,0,"[0.5, 0.5]"
