OBSID,Real Label,Pred Label,Probabilities
0603260201,0,0,"[0.5, 0.5]"
0864330301,0,0,"[0.5, 0.5]"
0691570101,0,0,"[0.5, 0.5]"
0794581201,0,0,"[0.5, 0.5]"
0831790701,1,0,"[0.5, 0.5]"
0200670101,0,1,"[0.3075333535671234, 0.692466676235199]"
0306630101,0,0,"[0.5, 0.5]"
0870830201,0,0,"[0.5, 0.5]"
0803671101,0,0,"[0.5, 0.5]"
0556090101,0,0,"[0.5, 0.5]"
0893810501,1,0,"[0.5, 0.5]"
0891800601,0,0,"[0.5, 0.5]"
0864330101,1,0,"[0.5, 0.5]"
0401360301,0,0,"[0.5, 0.5]"
0124710801,1,0,"[0.5, 0.5]"
0112550601,0,0,"[0.5, 0.5]"
0761630201,0,1,"[0.4922546148300171, 0.5077453851699829]"
0851180401,1,0,"[0.5, 0.5]"
0200920101,0,1,"[0.48594358563423157, 0.5140563249588013]"
0500730201,0,0,"[0.5, 0.5]"
0872390101,1,1,"[0.4711591601371765, 0.5288407802581787]"
0093641601,0,0,"[0.5, 0.5]"
0864330201,0,0,"[0.5, 0.5]"
0411980401,1,0,"[0.5, 0.5]"
0551450101,0,0,"[0.5, 0.5]"
0401360101,0,0,"[0.5, 0.5]"
0304190101,0,1,"[0.47684335708618164, 0.5231565833091736]"
0145800101,0,0,"[0.5, 0.5]"
0152170501,0,0,"[0.5, 0.5]"
0870830301,0,0,"[0.5, 0.5]"
0093641501,0,0,"[0.5, 0.5]"
0805080501,0,0,"[0.5, 0.5]"
0651790201,0,0,"[0.5, 0.5]"
0657820101,0,0,"[0.5, 0.5]"
0725200101,0,0,"[0.5, 0.5]"
0861910301,1,0,"[0.5, 0.5]"
0870830401,0,0,"[0.5, 0.5]"
0311190101,0,0,"[0.5, 0.5]"
0870830101,0,0,"[0.5, 0.5]"
0784510301,0,1,"[0.48844295740127563, 0.5115569829940796]"
0805080401,0,0,"[0.5, 0.5]"
0790650101,0,0,"[0.5, 0.5]"
0864560101,1,0,"[0.5, 0.5]"
0411980101,0,0,"[0.5, 0.5]"
0200670401,0,0,"[0.5, 0.5]"
0551870401,0,0,"[0.5, 0.5]"
0740960101,0,0,"[0.5, 0.5]"
0761630301,1,0,"[0.5, 0.5]"
0862760201,0,0,"[0.5, 0.5]"
0823680101,1,0,"[0.5, 0.5]"
0803670501,0,0,"[0.5, 0.5]"
0851180501,1,0,"[0.5, 0.5]"
0112551701,0,0,"[0.5, 0.5]"
0803671001,0,0,"[0.5, 0.5]"
0510011501,0,0,"[0.5, 0.5]"
0200670201,0,1,"[0.35932356119155884, 0.6406764388084412]"
0500730101,0,0,"[0.5, 0.5]"
0803670601,0,0,"[0.5, 0.5]"
0725200301,0,0,"[0.5, 0.5]"
0551870601,0,0,"[0.5, 0.5]"
0401360201,0,0,"[0.5, 0.5]"
0861910201,1,0,"[0.5, 0.5]"
0111790101,0,0,"[0.5, 0.5]"
0761630101,0,1,"[0.4827616512775421, 0.5172383785247803]"
0200670301,0,0,"[0.5, 0.5]"
0864330401,0,0,"[0.5, 0.5]"
0093641701,0,0,"[0.5, 0.5]"
0306630201,0,0,"[0.5, 0.5]"
0842340201,0,0,"[0.5, 0.5]"
