OBSID,Real Label,Pred Label,Probabilities
0401360101,0,0,"[0.5, 0.5]"
0556090101,0,0,"[0.560448169708252, 0.43955186009407043]"
0093641701,0,0,"[0.6357405185699463, 0.3642595112323761]"
0805080401,0,0,"[0.547469973564148, 0.45252999663352966]"
0794581201,0,0,"[0.6058112382888794, 0.3941887319087982]"
0411980401,1,0,"[0.5, 0.5]"
0864560101,1,0,"[0.5, 0.5]"
0510011501,0,0,"[0.5, 0.5]"
0306630101,0,0,"[0.5, 0.5]"
0152170501,0,0,"[0.5760499835014343, 0.4239500164985657]"
0805080501,0,0,"[0.5, 0.5]"
0870830201,0,0,"[0.5, 0.5]"
0124710801,1,0,"[0.5, 0.5]"
0200670401,0,0,"[0.521259605884552, 0.478740394115448]"
0551870401,0,0,"[0.5, 0.5]"
0823680101,1,0,"[0.5, 0.5]"
0870830401,0,0,"[0.5, 0.5]"
0200670101,0,0,"[0.5, 0.5]"
0891800601,0,0,"[0.5, 0.5]"
0200920101,0,0,"[0.5, 0.5]"
0500730101,0,0,"[0.5, 0.5]"
0761630301,1,0,"[0.5, 0.5]"
0740960101,0,0,"[0.5513265132904053, 0.4486735463142395]"
0603260201,0,0,"[0.5, 0.5]"
0691570101,0,0,"[0.5, 0.5]"
0145800101,0,0,"[0.5, 0.5]"
0790650101,0,0,"[0.5, 0.5]"
0803671001,0,0,"[0.5, 0.5]"
0803671101,0,0,"[0.5, 0.5]"
0842340201,0,0,"[0.5, 0.5]"
0803670501,0,0,"[0.5, 0.5]"
0864330301,0,0,"[0.5, 0.5]"
0864330401,0,0,"[0.5776323676109314, 0.4223676025867462]"
0401360301,0,0,"[0.5405974388122559, 0.4594026207923889]"
0111790101,0,0,"[0.5, 0.5]"
0870830101,0,0,"[0.5259178280830383, 0.47408220171928406]"
0862760201,0,0,"[0.5, 0.5]"
0725200101,0,0,"[0.6167941689491272, 0.3832058012485504]"
0306630201,0,0,"[0.5, 0.5]"
0761630201,0,0,"[0.5, 0.5]"
0093641601,0,0,"[0.547805666923523, 0.4521943926811218]"
0200670201,0,0,"[0.5, 0.5]"
0851180501,1,0,"[0.5, 0.5]"
0725200301,0,0,"[0.5, 0.5]"
0851180401,1,0,"[0.5, 0.5]"
0864330201,0,0,"[0.5, 0.5]"
0411980101,0,0,"[0.5077056884765625, 0.4922943115234375]"
0761630101,0,0,"[0.5, 0.5]"
0200670301,0,0,"[0.5, 0.5]"
0311190101,0,0,"[0.5, 0.5]"
0872390101,1,0,"[0.5, 0.5]"
0112551701,0,0,"[0.615661084651947, 0.3843388259410858]"
0401360201,0,0,"[0.5, 0.5]"
0784510301,0,0,"[0.5, 0.5]"
0870830301,0,0,"[0.5, 0.5]"
0861910201,1,0,"[0.5, 0.5]"
0657820101,0,0,"[0.6932024359703064, 0.306797593832016]"
0551450101,0,0,"[0.5, 0.5]"
0831790701,1,0,"[0.5, 0.5]"
0304190101,0,0,"[0.5, 0.5]"
0864330101,1,0,"[0.5, 0.5]"
0893810501,1,0,"[0.5, 0.5]"
0112550601,0,0,"[0.5, 0.5]"
0803670601,0,0,"[0.5, 0.5]"
0500730201,0,0,"[0.5, 0.5]"
0651790201,0,0,"[0.5, 0.5]"
0551870601,0,0,"[0.6058205962181091, 0.39417943358421326]"
0861910301,1,0,"[0.5, 0.5]"
0093641501,0,0,"[0.5153844952583313, 0.4846154749393463]"
