OBSID,Real Label,Pred Label,Probabilities
0124710801,1,0,"[0.5754916667938232, 0.42450830340385437]"
0803670501,0,0,"[0.5, 0.5]"
0411980401,1,0,"[0.5, 0.5]"
0790650101,0,0,"[0.5, 0.5]"
0500730101,0,0,"[0.5, 0.5]"
0500730201,0,0,"[0.5, 0.5]"
0864330101,1,0,"[0.5, 0.5]"
0152170501,0,0,"[0.5, 0.5]"
0401360101,0,0,"[0.5, 0.5]"
0861910201,1,0,"[0.5, 0.5]"
0651790201,0,0,"[0.5, 0.5]"
0891800601,0,0,"[0.5, 0.5]"
0200670101,0,0,"[0.5, 0.5]"
0200670401,0,0,"[0.5, 0.5]"
0761630301,0,0,"[0.6491641402244568, 0.3508358299732208]"
0112551701,0,0,"[0.5, 0.5]"
0864560101,1,0,"[0.6576140522956848, 0.3423859477043152]"
0864330201,0,0,"[0.5, 0.5]"
0872390101,1,0,"[0.5, 0.5]"
0870830301,0,0,"[0.5, 0.5]"
0805080401,0,0,"[0.5, 0.5]"
0803671001,0,0,"[0.5, 0.5]"
0657820101,0,0,"[0.5, 0.5]"
0761630201,0,0,"[0.5, 0.5]"
0740960101,0,0,"[0.5, 0.5]"
0112550601,0,0,"[0.5, 0.5]"
0551450101,0,0,"[0.5, 0.5]"
0306630201,0,0,"[0.5, 0.5]"
0725200101,0,0,"[0.5170624852180481, 0.4829375445842743]"
0870830101,0,0,"[0.6273927688598633, 0.37260720133781433]"
0870830201,0,0,"[0.5, 0.5]"
0851180401,1,0,"[0.8815409541130066, 0.11845901608467102]"
0794581201,0,0,"[0.5, 0.5]"
0803671101,0,0,"[0.5, 0.5]"
0401360301,0,0,"[0.5, 0.5]"
0691570101,0,0,"[0.5, 0.5]"
0200920101,0,0,"[0.5, 0.5]"
0145800101,0,0,"[0.5, 0.5]"
0851180501,1,0,"[0.7541242241859436, 0.2458757609128952]"
0831790701,1,0,"[0.8528609275817871, 0.1471390426158905]"
0842340201,0,0,"[0.5, 0.5]"
0864330401,0,0,"[0.5, 0.5]"
0805080501,0,0,"[0.5, 0.5]"
0862760201,0,0,"[0.5, 0.5]"
0725200301,0,0,"[0.6833941340446472, 0.3166058659553528]"
0311190101,0,0,"[0.5, 0.5]"
0861910301,1,0,"[0.5, 0.5]"
0803670601,0,0,"[0.5, 0.5]"
0870830401,0,0,"[0.5, 0.5]"
0551870401,0,0,"[0.5, 0.5]"
0306630101,0,0,"[0.6808531880378723, 0.31914687156677246]"
0411980101,0,0,"[0.5, 0.5]"
0200670301,0,0,"[0.5, 0.5]"
0111790101,0,0,"[0.5, 0.5]"
0864330301,0,0,"[0.5, 0.5]"
0551870601,0,0,"[0.5, 0.5]"
0893810501,1,0,"[0.5, 0.5]"
0304190101,0,0,"[0.5, 0.5]"
0823680101,1,0,"[0.5, 0.5]"
0401360201,0,0,"[0.5, 0.5]"
0556090101,0,0,"[0.5, 0.5]"
0761630101,0,0,"[0.5, 0.5]"
0784510301,0,0,"[0.5, 0.5]"
0603260201,0,0,"[0.5, 0.5]"
