OBSID,Real Label,Pred Label,Probabilities
0510011501,0,0,"[0.5, 0.5]"
0651790201,0,0,"[0.5, 0.5]"
0893810501,1,1,"[0.0004584059934131801, 0.9995416402816772]"
0691570101,0,0,"[0.5, 0.5]"
0803670501,0,0,"[0.5, 0.5]"
0401360101,0,1,"[0.4102799892425537, 0.5897200107574463]"
0200670101,0,0,"[0.5, 0.5]"
0861910201,1,1,"[0.0, 1.0]"
0891800601,0,0,"[0.5, 0.5]"
0870830301,0,0,"[0.5, 0.5]"
0805080501,0,0,"[0.5, 0.5]"
0803671101,0,0,"[0.5, 0.5]"
0200670401,0,0,"[0.5, 0.5]"
0500730101,0,0,"[0.5, 0.5]"
0872390101,1,1,"[1.1837537160748951e-36, 1.0]"
0864560101,1,1,"[0.0, 1.0]"
0200670301,0,1,"[0.06061829254031181, 0.9393816590309143]"
0401360301,0,0,"[0.5, 0.5]"
0152170501,0,0,"[0.5, 0.5]"
0311190101,0,0,"[0.5, 0.5]"
0551870601,0,0,"[0.5, 0.5]"
0761630201,0,1,"[1.2395862114544798e-10, 1.0]"
0306630201,0,0,"[0.5, 0.5]"
0500730201,0,0,"[0.5, 0.5]"
0556090101,0,0,"[0.5, 0.5]"
0870830101,0,0,"[0.5, 0.5]"
0657820101,0,0,"[0.5, 0.5]"
0603260201,0,0,"[0.5, 0.5]"
0784510301,0,0,"[0.5, 0.5]"
0112551701,0,0,"[0.5, 0.5]"
0842340201,0,0,"[0.5, 0.5]"
0803670601,0,0,"[0.5, 0.5]"
0831790701,1,1,"[0.0, 1.0]"
0870830401,0,0,"[0.5, 0.5]"
0145800101,0,0,"[0.5, 0.5]"
0200670201,0,1,"[0.09635153412818909, 0.9036484956741333]"
0551450101,0,0,"[0.5, 0.5]"
0200920101,0,1,"[1.4163849300530273e-05, 0.9999858140945435]"
0862760201,0,1,"[4.340861357955645e-19, 1.0]"
0864330301,0,0,"[0.5, 0.5]"
0864330201,0,0,"[0.5, 0.5]"
0740960101,0,0,"[0.5, 0.5]"
0861910301,1,0,"[0.5, 0.5]"
0761630101,0,1,"[0.1039227619767189, 0.8960772156715393]"
0823680101,1,1,"[2.8102732626230513e-33, 1.0]"
0803671001,0,0,"[0.5, 0.5]"
0304190101,0,1,"[1.5922205776064402e-08, 1.0]"
0306630101,0,0,"[0.5, 0.5]"
0790650101,0,0,"[0.5, 0.5]"
0851180501,1,1,"[2.4927209942590953e-32, 1.0]"
0870830201,0,0,"[0.5, 0.5]"
0851180401,1,1,"[0.0, 1.0]"
0864330101,1,1,"[0.0, 1.0]"
0805080401,0,0,"[0.5, 0.5]"
0111790101,0,0,"[0.5, 0.5]"
0761630301,0,1,"[0.13540105521678925, 0.8645989894866943]"
0725200101,0,0,"[0.5, 0.5]"
0864330401,0,0,"[0.5, 0.5]"
0794581201,0,0,"[0.5, 0.5]"
0551870401,0,0,"[0.5, 0.5]"
0401360201,0,0,"[0.5, 0.5]"
0411980401,1,1,"[0.02113254927098751, 0.9788674116134644]"
0411980101,0,0,"[0.5, 0.5]"
0112550601,0,1,"[0.3007040023803711, 0.6992959976196289]"
0124710801,1,1,"[0.0, 1.0]"
0725200301,0,1,"[0.00903482548892498, 0.9909651279449463]"
