OBSID,Real Label,Pred Label,Probabilities
0304190101,0,0,"[0.5, 0.5]"
0111790101,0,0,"[0.908509373664856, 0.09149058163166046]"
0401360301,0,0,"[0.5, 0.5]"
0500730201,0,0,"[0.5, 0.5]"
0864330201,0,0,"[0.8814957737922668, 0.11850427836179733]"
0306630201,0,0,"[0.5, 0.5]"
0401360101,0,0,"[0.5843918919563293, 0.41560816764831543]"
0864330101,1,0,"[0.5, 0.5]"
0893810501,1,0,"[0.5, 0.5]"
0500730101,0,0,"[0.5, 0.5]"
0603260201,0,0,"[0.5, 0.5]"
0551870401,0,0,"[0.5, 0.5]"
0200670401,0,0,"[0.5, 0.5]"
0761630301,0,0,"[0.5, 0.5]"
0200920101,0,0,"[0.5, 0.5]"
0200670301,0,0,"[0.5, 0.5]"
0842340201,0,0,"[0.5, 0.5]"
0851180401,1,0,"[0.5, 0.5]"
0831790701,1,0,"[0.5, 0.5]"
0862760201,0,0,"[0.5, 0.5]"
0411980401,1,0,"[0.5, 0.5]"
0124710801,1,0,"[0.5, 0.5]"
0864330301,0,0,"[0.9088912606239319, 0.09110874682664871]"
0306630101,0,0,"[0.5348846912384033, 0.46511536836624146]"
0725200101,0,0,"[0.9099165201187134, 0.09008341282606125]"
0311190101,0,0,"[0.9105921387672424, 0.08940786868333817]"
0803670601,0,0,"[0.5, 0.5]"
0851180501,1,0,"[0.5, 0.5]"
0761630101,0,0,"[0.5, 0.5]"
0805080401,0,0,"[0.5, 0.5]"
0657820101,0,0,"[0.9105553030967712, 0.08944474160671234]"
0200670101,0,0,"[0.5, 0.5]"
0790650101,0,0,"[0.910947859287262, 0.08905213326215744]"
0510011501,0,0,"[0.5, 0.5]"
0551450101,0,0,"[0.5, 0.5]"
0803670501,0,0,"[0.5, 0.5]"
0803671001,0,0,"[0.5, 0.5]"
0870830201,0,0,"[0.5, 0.5]"
0411980101,0,0,"[0.5, 0.5]"
0891800601,0,0,"[0.5, 0.5]"
0870830401,0,0,"[0.5, 0.5]"
0112551701,0,0,"[0.5, 0.5]"
0200670201,0,0,"[0.5, 0.5]"
0861910301,1,0,"[0.6146680116653442, 0.385331928730011]"
0691570101,0,0,"[0.5, 0.5]"
0864560101,1,0,"[0.5, 0.5]"
0823680101,1,0,"[0.5, 0.5]"
0761630201,0,0,"[0.5, 0.5]"
0805080501,0,0,"[0.5, 0.5]"
0861910201,1,0,"[0.5, 0.5]"
0145800101,0,0,"[0.5, 0.5]"
0872390101,1,0,"[0.5, 0.5]"
0556090101,0,0,"[0.5, 0.5]"
0784510301,0,0,"[0.5, 0.5]"
0551870601,0,0,"[0.5, 0.5]"
0870830101,0,0,"[0.5, 0.5]"
0864330401,0,0,"[0.9088912606239319, 0.09110874682664871]"
0401360201,0,0,"[0.5, 0.5]"
0112550601,0,0,"[0.5, 0.5]"
0803671101,0,0,"[0.5, 0.5]"
0794581201,0,0,"[0.5, 0.5]"
0740960101,0,0,"[0.9088912606239319, 0.09110874682664871]"
0651790201,0,0,"[0.5, 0.5]"
0870830301,0,0,"[0.5, 0.5]"
0152170501,0,0,"[0.5, 0.5]"
0725200301,0,0,"[0.9088912606239319, 0.09110874682664871]"
