OBSID,Real Label,Pred Label,Probabilities
0864330201,0,0,"[0.7235920429229736, 0.27640801668167114]"
0861910301,1,0,"[0.5, 0.5]"
0200670301,0,0,"[0.5, 0.5]"
0200670101,0,0,"[0.5, 0.5]"
0761630201,0,0,"[0.5, 0.5]"
0861910201,1,0,"[0.5, 0.5]"
0093641501,0,0,"[0.5, 0.5]"
0805080401,0,0,"[0.5, 0.5]"
0864330301,0,0,"[0.7112654447555542, 0.288734495639801]"
0725200101,0,0,"[0.852462112903595, 0.14753791689872742]"
0306630201,0,0,"[0.5, 0.5]"
0831790701,1,0,"[0.5, 0.5]"
0761630101,0,0,"[0.5, 0.5]"
0311190101,0,0,"[0.8813596367835999, 0.11864044517278671]"
0306630101,0,0,"[0.5, 0.5]"
0805080501,0,0,"[0.5, 0.5]"
0200670401,0,0,"[0.5, 0.5]"
0842340201,0,0,"[0.5486957430839539, 0.45130419731140137]"
0870830401,0,0,"[0.5, 0.5]"
0401360101,0,0,"[0.5, 0.5]"
0551450101,0,0,"[0.5, 0.5]"
0401360301,0,0,"[0.5, 0.5]"
0725200301,0,0,"[0.675108790397644, 0.32489120960235596]"
0111790101,0,0,"[0.645916759967804, 0.35408326983451843]"
0304190101,0,0,"[0.5, 0.5]"
0803671001,0,0,"[0.5, 0.5]"
0784510301,0,0,"[0.5, 0.5]"
0500730101,0,0,"[0.5, 0.5]"
0112550601,0,0,"[0.5, 0.5]"
0891800601,0,0,"[0.5, 0.5]"
0864560101,1,0,"[0.5, 0.5]"
0401360201,0,0,"[0.5, 0.5]"
0862760201,0,0,"[0.5, 0.5]"
0145800101,0,0,"[0.5, 0.5]"
0740960101,0,0,"[0.6387307643890381, 0.36126917600631714]"
0803670601,0,0,"[0.5, 0.5]"
0864330401,0,0,"[0.7615858912467957, 0.23841416835784912]"
0691570101,0,0,"[0.5, 0.5]"
0093641701,0,0,"[0.5, 0.5]"
0823680101,1,0,"[0.5, 0.5]"
0112551701,0,0,"[0.681914746761322, 0.31808528304100037]"
0761630301,0,0,"[0.5, 0.5]"
0500730201,0,0,"[0.5, 0.5]"
0411980101,0,0,"[0.5, 0.5]"
0893810501,1,0,"[0.5, 0.5]"
0803671101,0,0,"[0.5, 0.5]"
0556090101,0,0,"[0.5, 0.5]"
0200920101,0,0,"[0.5, 0.5]"
0551870401,0,0,"[0.5, 0.5]"
0794581201,0,0,"[0.5, 0.5]"
0870830301,0,0,"[0.5, 0.5]"
0864330101,1,0,"[0.5, 0.5]"
0872390101,1,0,"[0.5, 0.5]"
0870830201,0,0,"[0.5, 0.5]"
0093641601,0,0,"[0.5, 0.5]"
0790650101,0,0,"[0.8726933002471924, 0.1273067444562912]"
0124710801,1,0,"[0.5, 0.5]"
0200670201,0,0,"[0.5, 0.5]"
0803670501,0,0,"[0.5, 0.5]"
0551870601,0,0,"[0.5, 0.5]"
0657820101,0,0,"[0.7819879055023193, 0.2180120348930359]"
0851180401,1,0,"[0.5, 0.5]"
0152170501,0,0,"[0.5717195868492126, 0.42828038334846497]"
0870830101,0,0,"[0.5, 0.5]"
0651790201,0,0,"[0.5, 0.5]"
0851180501,1,0,"[0.5, 0.5]"
0510011501,0,0,"[0.5, 0.5]"
0411980401,1,0,"[0.5, 0.5]"
0603260201,0,0,"[0.5, 0.5]"
