Combo,Opt Acc.,Conf Range,80% Acc,80% Pur,80% Comp,90% Acc,90% Pur,90% Comp,95% Acc,95% Pur,95% Comp,99% Acc,99% Pur,99% Comp,99.9% Acc,99.9% Pur,99.9% Comp
"(0, 1, 2, 3, 4, 5, 6, 7, 8, 9, 10, 11, 12, 13)",0.6086956521739131,"[1.0, 1.0]",0.30434782608695654,0.2,1.0,0.3188405797101449,0.2033898305084746,1.0,0.3188405797101449,0.2033898305084746,1.0,0.3333333333333333,0.20689655172413793,1.0,0.391304347826087,0.2222222222222222,1.0
