Combo,Opt Acc.,Conf Range,80% Acc,80% Pur,80% Comp,90% Acc,90% Pur,90% Comp,95% Acc,95% Pur,95% Comp,99% Acc,99% Pur,99% Comp
"(0, 1, 2, 3, 4, 5, 6, 7, 8, 9, 10, 11, 12, 13)",0.8405797101449275,"[0.976939, 0.994049]",0.5652173913043478,0.2631578947368421,0.8333333333333334,0.7391304347826086,0.36363636363636365,0.6666666666666666,0.7971014492753623,0.4444444444444444,0.6666666666666666,0.8260869565217391,0.5,0.5
