Combo,Opt Acc.,Conf Range,80% Acc,80% Pur,80% Comp,90% Acc,90% Pur,90% Comp,95% Acc,95% Pur,95% Comp,99% Acc,99% Pur,99% Comp,99.9% Acc,99.9% Pur,99.9% Comp
"(0, 1, 2, 3, 4, 5, 6, 7, 8, 9, 10, 11, 12, 13)",0.59375,"[1.0, 1.0]",0.21875,0.1935483870967742,1.0,0.234375,0.19672131147540983,1.0,0.28125,0.20689655172413793,1.0,0.296875,0.21052631578947367,1.0,0.34375,0.2222222222222222,1.0
