Combo,Opt Acc.,Conf Range,80% Acc,80% Pur,80% Comp,90% Acc,90% Pur,90% Comp,95% Acc,95% Pur,95% Comp,99% Acc,99% Pur,99% Comp,99.9% Acc,99.9% Pur,99.9% Comp
"(0, 1, 2, 3, 4, 5, 6, 7, 8, 9, 10, 11, 12, 13)",0.8260869565217391,"[0.9999500000000001, 0.99999]",0.30434782608695654,0.2,1.0,0.34782608695652173,0.21052631578947367,1.0,0.36231884057971014,0.21428571428571427,1.0,0.42028985507246375,0.22,0.9166666666666666,0.6666666666666666,0.3103448275862069,0.75
