Combo,Opt Acc.,Conf Range,80% Acc,80% Pur,80% Comp,90% Acc,90% Pur,90% Comp,95% Acc,95% Pur,95% Comp,99% Acc,99% Pur,99% Comp
"(0, 1, 2, 3, 4, 5, 6, 7, 8, 9, 10, 11, 12, 13)",0.36363636363636365,"[1.0, 1.0]",0.24242424242424243,0.1935483870967742,1.0,0.24242424242424243,0.1935483870967742,1.0,0.24242424242424243,0.1935483870967742,1.0,0.25757575757575757,0.19672131147540983,1.0
