Combo,Opt Acc.,Conf Range,80% Acc,80% Pur,80% Comp,90% Acc,90% Pur,90% Comp,95% Acc,95% Pur,95% Comp,99% Acc,99% Pur,99% Comp,99.9% Acc,99.9% Pur,99.9% Comp
"(0, 1, 2, 3, 4, 5, 6, 7, 8, 9, 10, 11, 12, 13)",0.8181818181818182,"[1.0, 1.0]",0.3181818181818182,0.21052631578947367,1.0,0.3484848484848485,0.21818181818181817,1.0,0.3484848484848485,0.21818181818181817,1.0,0.36363636363636365,0.2222222222222222,1.0,0.4393939393939394,0.24489795918367346,1.0
