OBSID,Real Label,Pred Label,Probabilities
0657820101,0,0,"[0.5114318132400513, 0.48856818675994873]"
0784510301,0,0,"[0.5470495820045471, 0.4529503881931305]"
0864330301,0,0,"[0.5, 0.5]"
0093641701,0,0,"[0.5333378314971924, 0.4666622281074524]"
0152170501,0,0,"[0.5, 0.5]"
0805080501,0,0,"[0.5, 0.5]"
0401360301,0,0,"[0.5, 0.5]"
0551450101,0,0,"[0.5, 0.5]"
0145800101,0,0,"[0.5, 0.5]"
0200920101,0,0,"[0.5, 0.5]"
0870830101,0,0,"[0.5, 0.5]"
0761630101,0,0,"[0.5, 0.5]"
0200670201,0,0,"[0.5, 0.5]"
0500730101,0,0,"[0.5, 0.5]"
0740960101,0,0,"[0.5, 0.5]"
0842340201,0,0,"[0.5, 0.5]"
0851180401,1,0,"[0.5, 0.5]"
0851180501,1,0,"[0.5, 0.5]"
0864560101,1,0,"[0.5, 0.5]"
0093641601,0,0,"[0.569205641746521, 0.4307944178581238]"
0803670501,0,0,"[0.5456653237342834, 0.45433467626571655]"
0864330201,0,0,"[0.5, 0.5]"
0112551701,0,0,"[0.5, 0.5]"
0093641501,0,0,"[0.512274444103241, 0.48772552609443665]"
0823680101,1,0,"[0.5, 0.5]"
0862760201,0,0,"[0.5, 0.5]"
0311190101,0,0,"[0.5, 0.5]"
0761630301,1,0,"[0.5, 0.5]"
0556090101,0,0,"[0.5, 0.5]"
0831790701,1,0,"[0.5, 0.5]"
0805080401,0,0,"[0.5, 0.5]"
0870830401,0,0,"[0.5, 0.5]"
0861910301,1,0,"[0.5, 0.5]"
0411980101,0,0,"[0.5375982522964478, 0.46240171790122986]"
0306630201,0,0,"[0.5, 0.5]"
0551870401,0,0,"[0.5, 0.5]"
0891800601,0,0,"[0.5, 0.5]"
0112550601,0,0,"[0.5367600917816162, 0.4632399082183838]"
0200670401,0,0,"[0.5, 0.5]"
0111790101,0,0,"[0.5, 0.5]"
0124710801,1,0,"[0.5, 0.5]"
0411980401,1,0,"[0.5, 0.5]"
0691570101,0,0,"[0.5, 0.5]"
0603260201,0,0,"[0.5, 0.5]"
0864330401,0,0,"[0.5, 0.5]"
0803671001,0,0,"[0.5361417531967163, 0.4638582766056061]"
0794581201,0,0,"[0.5, 0.5]"
0870830301,0,0,"[0.5057017207145691, 0.4942983388900757]"
0790650101,0,0,"[0.5, 0.5]"
0304190101,0,0,"[0.5, 0.5]"
0725200301,0,0,"[0.5, 0.5]"
0861910201,1,0,"[0.5, 0.5]"
0803671101,0,0,"[0.5, 0.5]"
0401360101,0,0,"[0.5143229961395264, 0.48567697405815125]"
0401360201,0,0,"[0.5325100421905518, 0.46748995780944824]"
0870830201,0,0,"[0.5, 0.5]"
0893810501,1,0,"[0.5, 0.5]"
0306630101,0,0,"[0.5, 0.5]"
0803670601,0,0,"[0.5321309566497803, 0.4678691029548645]"
0864330101,1,0,"[0.5, 0.5]"
0200670301,0,0,"[0.5279342532157898, 0.4720657467842102]"
0551870601,0,0,"[0.5, 0.5]"
0500730201,0,0,"[0.5475218296051025, 0.4524781405925751]"
0725200101,0,0,"[0.5, 0.5]"
0761630201,0,0,"[0.5097960233688354, 0.49020397663116455]"
0510011501,0,0,"[0.5, 0.5]"
0200670101,0,0,"[0.5, 0.5]"
0651790201,0,0,"[0.526608943939209, 0.4733910858631134]"
0872390101,1,0,"[0.5, 0.5]"
