Features Used,Validation Accuracy,Sim Test Accuracy,Real Test Accuracy,Real Test Completeness,Real Test Purity,F1 Score,Metric Value
"(0, 1, 2, 3, 4, 5, 6, 7, 8, 9, 10, 11, 12, 13)",0.9999444484710693,1.0,0.9242424368858337,0.9166666666666666,0.7333333333333333,0.8148148148148148,0.8148148148148148
