Features Used,Validation Accuracy,Sim Test Accuracy,Real Test Accuracy,Real Test Completeness,Real Test Purity,F1 Score,Metric Value
"(0, 1, 2, 3, 4, 5, 6, 7, 8, 9, 10, 11, 12, 13)",0.9499444365501404,0.953499972820282,0.296875,1.0,0.21052631578947367,0.34782608695652173,0.34782608695652173
