Features Used,Validation Accuracy,Sim Test Accuracy,Real Test Accuracy,Real Test Completeness,Real Test Purity,F1 Score,Metric Value
"(0, 1, 2, 3, 4, 5, 6, 7, 8, 9, 10, 11, 12, 13)",0.9998888969421387,0.9998999834060669,0.953125,0.8333333333333334,0.9090909090909091,0.8695652173913043,0.8695652173913043
