Features Used,Validation Accuracy,Sim Test Accuracy,Real Test Accuracy,Real Test Completeness,Real Test Purity,F1 Score
"(0, 1, 2, 3, 4, 5, 6, 7, 8, 9, 10, 11, 12, 13)",0.9325555562973022,0.9290000200271606,0.24637681245803833,0.9230769230769231,0.19047619047619047,0.31578947368421056
