Features Used,Validation Accuracy,Sim Test Accuracy,Real Test Accuracy,Real Test Completeness,Real Test Purity,F1 Score,Metric Value
"(0, 1, 2, 3, 4, 5, 6, 7, 8, 9, 10, 11, 12, 13)",0.878777801990509,0.8723999857902527,0.24637681245803833,0.9166666666666666,0.1774193548387097,0.2972972972972973,0.2972972972972973
