Features Used,Validation Accuracy,Sim Test Accuracy,Real Test Accuracy,Real Test Completeness,Real Test Purity,F1 Score,Metric Value
"(0, 1, 2, 3, 4, 5, 6, 7, 8, 9, 10, 11, 12, 13)",0.9995555281639099,0.9995999932289124,0.5652173757553101,0.9230769230769231,0.2926829268292683,0.4444444444444444,0.4444444444444444
