Features Used,Validation Accuracy,Sim Test Accuracy,Real Test Accuracy,Real Test Completeness,Real Test Purity,F1 Score,Metric Value
"(0, 1, 2, 3, 4, 5, 6, 7, 8, 9, 10, 11, 12, 13)",0.9403889179229736,0.9379000067710876,0.3188405930995941,1.0,0.2033898305084746,0.33802816901408456,0.33802816901408456
