Features Used,Validation Accuracy,Sim Test Accuracy,Real Test Accuracy,Real Test Completeness,Real Test Purity,F1 Score,Metric Value
"(0, 1, 2, 3, 4, 5, 6, 7, 8, 9, 10, 11, 12, 13)",0.9616666436195374,0.9625999927520752,0.3030303120613098,1.0,0.20689655172413793,0.34285714285714286,0.34285714285714286
