Features Used,Validation Accuracy,Sim Test Accuracy,Real Test Accuracy,Real Test Completeness,Real Test Purity,F1 Score,Metric Value
"(0, 1, 2, 3, 4, 5, 6, 7, 8, 9, 10, 11, 12, 13)",0.9467222094535828,0.9495000243186951,0.328125,0.9166666666666666,0.20754716981132076,0.3384615384615385,0.3384615384615385
