,Obs,DC
0,0823680101,0.06265798312069641
1,0831790701,0.06346518661848953
2,0851180401,0.07064687434612868
3,0851180501,0.09545868561277221
4,0864330101,0.07427201750493043
5,0864560101,0.08018607617950353
6,0872390101,0.2168053656106448
7,0893810501,0.08250356469137585
