,Obs,DC
0,eRO-QPE1,0.41
1,eRO-QPE2,0.19
2,0823680101,0.07451065038758915
3,0831790701,0.0746738244572219
4,0851180401,0.09236550901175776
5,0851180501,0.11462437931045964
6,0864330101,0.10818848669476092
7,0864560101,0.09209470691885414
