OBSID,Real Label,Pred Label,Probabilities
0803671001,0,0,"[0.5, 0.5]"
0761630101,0,0,"[0.5, 0.5]"
0401360101,0,0,"[0.5, 0.5]"
0411980101,0,0,"[0.5, 0.5]"
0870830201,0,0,"[0.5, 0.5]"
0803670501,0,0,"[0.5, 0.5]"
0805080401,0,0,"[0.5, 0.5]"
0864560101,1,0,"[0.5, 0.5]"
0870830301,0,0,"[0.5, 0.5]"
0864330401,0,0,"[0.8423108458518982, 0.1576891839504242]"
0500730101,0,0,"[0.5, 0.5]"
0761630301,0,0,"[0.5, 0.5]"
0411980401,1,0,"[0.5, 0.5]"
0152170501,0,0,"[0.5, 0.5]"
0740960101,0,0,"[0.8333412408828735, 0.16665878891944885]"
0500730201,0,0,"[0.5, 0.5]"
0304190101,0,0,"[0.5, 0.5]"
0803671101,0,0,"[0.5, 0.5]"
0864330101,1,0,"[0.5, 0.5]"
0112551701,0,0,"[0.5, 0.5]"
0551870401,0,0,"[0.5, 0.5]"
0725200301,0,0,"[0.7030815482139587, 0.2969183921813965]"
0842340201,0,0,"[0.5, 0.5]"
0761630201,0,0,"[0.5, 0.5]"
0200670301,0,0,"[0.5, 0.5]"
0200670201,0,0,"[0.5, 0.5]"
0200920101,0,0,"[0.5, 0.5]"
0510011501,0,0,"[0.5, 0.5]"
0200670401,0,0,"[0.5, 0.5]"
0651790201,0,0,"[0.5, 0.5]"
0861910201,1,0,"[0.5, 0.5]"
0784510301,0,0,"[0.5, 0.5]"
0790650101,0,0,"[0.8642221093177795, 0.13577793538570404]"
0124710801,1,0,"[0.5, 0.5]"
0831790701,1,0,"[0.5, 0.5]"
0872390101,1,0,"[0.5, 0.5]"
0864330301,0,0,"[0.8411480784416199, 0.15885190665721893]"
0891800601,0,0,"[0.5, 0.5]"
0306630101,0,0,"[0.5, 0.5]"
0556090101,0,0,"[0.5, 0.5]"
0725200101,0,0,"[0.863639235496521, 0.13636080920696259]"
0603260201,0,0,"[0.5, 0.5]"
0851180401,1,0,"[0.5, 0.5]"
0551450101,0,0,"[0.5, 0.5]"
0805080501,0,0,"[0.5, 0.5]"
0862760201,0,0,"[0.5, 0.5]"
0803670601,0,0,"[0.5, 0.5]"
0794581201,0,0,"[0.5, 0.5]"
0870830101,0,0,"[0.5, 0.5]"
0551870601,0,0,"[0.7207370400428772, 0.2792629897594452]"
0823680101,1,0,"[0.5, 0.5]"
0691570101,0,0,"[0.5, 0.5]"
0311190101,0,0,"[0.8622087836265564, 0.1377912163734436]"
0851180501,1,0,"[0.5, 0.5]"
0112550601,0,0,"[0.5, 0.5]"
0306630201,0,0,"[0.5, 0.5]"
0111790101,0,0,"[0.5, 0.5]"
0861910301,1,0,"[0.5, 0.5]"
0401360301,0,0,"[0.5505354404449463, 0.44946447014808655]"
0401360201,0,0,"[0.5, 0.5]"
0893810501,1,0,"[0.5, 0.5]"
0200670101,0,0,"[0.5, 0.5]"
0657820101,0,0,"[0.8556947112083435, 0.1443052440881729]"
0145800101,0,0,"[0.5, 0.5]"
0864330201,0,0,"[0.7930182218551636, 0.20698177814483643]"
0870830401,0,0,"[0.5, 0.5]"
