OBSID,Real Label,Pred Label,Probabilities
0842340201,0,0,"[0.5, 0.5]"
0872390101,1,0,"[0.5, 0.5]"
0112550601,0,0,"[0.5, 0.5]"
0401360301,0,0,"[0.5, 0.5]"
0200670201,0,0,"[0.5, 0.5]"
0864330401,0,0,"[0.5944375991821289, 0.4055624306201935]"
0870830101,0,0,"[0.5, 0.5]"
0803670501,0,0,"[0.5, 0.5]"
0740960101,0,0,"[0.5, 0.5]"
0411980101,0,0,"[0.5, 0.5]"
0784510301,0,0,"[0.5, 0.5]"
0411980401,1,0,"[0.5, 0.5]"
0551450101,0,0,"[0.5, 0.5]"
0803671101,0,0,"[0.5, 0.5]"
0725200301,0,0,"[0.7812562584877014, 0.21874366700649261]"
0200920101,0,0,"[0.5, 0.5]"
0200670301,0,0,"[0.5, 0.5]"
0831790701,1,0,"[0.5, 0.5]"
0200670401,0,0,"[0.5, 0.5]"
0891800601,0,0,"[0.5, 0.5]"
0794581201,0,0,"[0.5, 0.5]"
0200670101,0,0,"[0.5, 0.5]"
0862760201,0,0,"[0.5, 0.5]"
0112551701,0,0,"[0.5, 0.5]"
0861910301,1,0,"[0.7689898610115051, 0.23101013898849487]"
0145800101,0,0,"[0.5, 0.5]"
0500730101,0,0,"[0.5, 0.5]"
0306630101,0,0,"[0.5, 0.5]"
0864560101,1,0,"[0.5, 0.5]"
0761630201,0,0,"[0.5, 0.5]"
0864330101,1,0,"[0.5, 0.5]"
0306630201,0,0,"[0.5, 0.5]"
0790650101,0,0,"[0.8767218589782715, 0.1232781931757927]"
0111790101,0,0,"[0.5, 0.5]"
0651790201,0,0,"[0.5, 0.5]"
0803670601,0,0,"[0.5, 0.5]"
0311190101,0,0,"[0.8708606362342834, 0.12913937866687775]"
0870830401,0,0,"[0.5, 0.5]"
0152170501,0,0,"[0.5, 0.5]"
0805080401,0,0,"[0.5, 0.5]"
0691570101,0,0,"[0.5, 0.5]"
0401360201,0,0,"[0.5, 0.5]"
0551870601,0,0,"[0.5, 0.5]"
0861910201,1,0,"[0.5, 0.5]"
0803671001,0,0,"[0.5, 0.5]"
0893810501,1,0,"[0.5, 0.5]"
0761630301,0,0,"[0.5, 0.5]"
0851180401,1,0,"[0.5, 0.5]"
0657820101,0,0,"[0.8524417281150818, 0.14755821228027344]"
0556090101,0,0,"[0.5, 0.5]"
0761630101,0,0,"[0.5, 0.5]"
0823680101,1,0,"[0.5, 0.5]"
0870830201,0,0,"[0.5, 0.5]"
0551870401,0,0,"[0.5, 0.5]"
0500730201,0,0,"[0.5, 0.5]"
0864330201,0,0,"[0.5, 0.5]"
0851180501,1,0,"[0.5, 0.5]"
0805080501,0,0,"[0.5, 0.5]"
0510011501,0,0,"[0.5, 0.5]"
0603260201,0,0,"[0.5, 0.5]"
0124710801,1,0,"[0.5, 0.5]"
0870830301,0,0,"[0.5, 0.5]"
0864330301,0,0,"[0.5, 0.5]"
0304190101,0,0,"[0.5, 0.5]"
0725200101,0,0,"[0.8536445498466492, 0.1463554948568344]"
0401360101,0,0,"[0.5, 0.5]"
