OBSID,Real Label,Pred Label,Probabilities
0551870401,0,0,"[0.5, 0.5]"
0112550601,0,0,"[0.5, 0.5]"
0842340201,0,0,"[0.5, 0.5]"
0861910301,1,0,"[0.8304010629653931, 0.16959886252880096]"
0651790201,0,0,"[0.5, 0.5]"
0152170501,0,0,"[0.5, 0.5]"
0124710801,1,0,"[0.5, 0.5]"
0200670101,0,0,"[0.5, 0.5]"
0864330201,0,0,"[0.5, 0.5]"
0725200101,0,0,"[0.8634731769561768, 0.13652688264846802]"
0872390101,1,0,"[0.5, 0.5]"
0401360101,0,0,"[0.5, 0.5]"
0200920101,0,0,"[0.5, 0.5]"
0551450101,0,0,"[0.5, 0.5]"
0200670401,0,0,"[0.5, 0.5]"
0691570101,0,0,"[0.5, 0.5]"
0803670601,0,0,"[0.5, 0.5]"
0862760201,0,0,"[0.5, 0.5]"
0500730101,0,0,"[0.5, 0.5]"
0551870601,0,0,"[0.5, 0.5]"
0893810501,1,0,"[0.5, 0.5]"
0311190101,0,0,"[0.8620690703392029, 0.13793089985847473]"
0870830401,0,0,"[0.5, 0.5]"
0831790701,1,0,"[0.5, 0.5]"
0803671101,0,0,"[0.5, 0.5]"
0823680101,1,0,"[0.5, 0.5]"
0306630201,0,0,"[0.5, 0.5]"
0761630201,0,0,"[0.5, 0.5]"
0304190101,0,0,"[0.5, 0.5]"
0891800601,0,0,"[0.5, 0.5]"
0657820101,0,0,"[0.8358862996101379, 0.16411370038986206]"
0864330101,1,0,"[0.5, 0.5]"
0200670301,0,0,"[0.5, 0.5]"
0111790101,0,0,"[0.5, 0.5]"
0725200301,0,0,"[0.8604217767715454, 0.13957823812961578]"
0864560101,1,0,"[0.5, 0.5]"
0851180501,1,0,"[0.5, 0.5]"
0803671001,0,0,"[0.5, 0.5]"
0411980401,1,0,"[0.5, 0.5]"
0870830101,0,0,"[0.5, 0.5]"
0805080401,0,0,"[0.5, 0.5]"
0851180401,1,0,"[0.5, 0.5]"
0306630101,0,0,"[0.5, 0.5]"
0761630101,0,0,"[0.5, 0.5]"
0864330401,0,0,"[0.728033721446991, 0.27196624875068665]"
0790650101,0,0,"[0.8748486638069153, 0.1251513659954071]"
0870830201,0,0,"[0.5, 0.5]"
0603260201,0,0,"[0.5, 0.5]"
0870830301,0,0,"[0.5, 0.5]"
0500730201,0,0,"[0.5, 0.5]"
0510011501,0,0,"[0.5, 0.5]"
0784510301,0,0,"[0.5, 0.5]"
0761630301,0,0,"[0.5, 0.5]"
0861910201,1,0,"[0.5, 0.5]"
0200670201,0,0,"[0.5, 0.5]"
0794581201,0,0,"[0.5, 0.5]"
0145800101,0,0,"[0.5, 0.5]"
0803670501,0,0,"[0.5, 0.5]"
0864330301,0,0,"[0.5192881226539612, 0.4807119071483612]"
0805080501,0,0,"[0.5, 0.5]"
0556090101,0,0,"[0.5, 0.5]"
0740960101,0,0,"[0.5, 0.5]"
0401360301,0,0,"[0.5, 0.5]"
0401360201,0,0,"[0.5, 0.5]"
0411980101,0,0,"[0.5, 0.5]"
0112551701,0,0,"[0.5, 0.5]"
